{
  "IcoMoonType": "selection",
  "icons": [
    {
      "icon": {
        "paths": [
          "M431.429 603.429c0 4.571-2.286 9.714-5.714 13.143l-189.714 189.714 82.286 82.286c6.857 6.857 10.857 16 10.857 25.714 0 20-16.571 36.571-36.571 36.571h-256c-20 0-36.571-16.571-36.571-36.571v-256c0-20 16.571-36.571 36.571-36.571 9.714 0 18.857 4 25.714 10.857l82.286 82.286 189.714-189.714c3.429-3.429 8.571-5.714 13.143-5.714s9.714 2.286 13.143 5.714l65.143 65.143c3.429 3.429 5.714 8.571 5.714 13.143zM877.714 109.714v256c0 20-16.571 36.571-36.571 36.571-9.714 0-18.857-4-25.714-10.857l-82.286-82.286-189.714 189.714c-3.429 3.429-8.571 5.714-13.143 5.714s-9.714-2.286-13.143-5.714l-65.143-65.143c-3.429-3.429-5.714-8.571-5.714-13.143s2.286-9.714 5.714-13.143l189.714-189.714-82.286-82.286c-6.857-6.857-10.857-16-10.857-25.714 0-20 16.571-36.571 36.571-36.571h256c20 0 36.571 16.571 36.571 36.571z"
        ],
        "width": 877.7142857142857,
        "attrs": [],
        "isMulticolor": false,
        "isMulticolor2": false,
        "tags": [
          "expand"
        ],
        "defaultCode": 61541,
        "grid": 14
      },
      "attrs": [],
      "properties": {
        "name": "expand",
        "id": 99,
        "order": 3,
        "prevSize": 28,
        "code": 61541
      },
      "setIdx": 0,
      "setId": 0,
      "iconIdx": 99
    },
    {
      "icon": {
        "paths": [
          "M838.857 217.143c21.143 21.143 38.857 63.429 38.857 93.714v658.286c0 30.286-24.571 54.857-54.857 54.857h-768c-30.286 0-54.857-24.571-54.857-54.857v-914.286c0-30.286 24.571-54.857 54.857-54.857h512c30.286 0 72.571 17.714 93.714 38.857zM585.143 77.714v214.857h214.857c-3.429-9.714-8.571-19.429-12.571-23.429l-178.857-178.857c-4-4-13.714-9.143-23.429-12.571zM804.571 950.857v-585.143h-237.714c-30.286 0-54.857-24.571-54.857-54.857v-237.714h-438.857v877.714h731.429zM438.857 438.857c40 0 73.143 33.143 73.143 73.143v219.429c0 40-33.143 73.143-73.143 73.143h-219.429c-40 0-73.143-33.143-73.143-73.143v-219.429c0-40 33.143-73.143 73.143-73.143h219.429zM720 440c6.857 2.857 11.429 9.714 11.429 17.143v329.143c0 7.429-4.571 14.286-11.429 17.143-2.286 0.571-4.571 1.143-6.857 1.143-4.571 0-9.714-1.714-13.143-5.143l-151.429-152v-51.429l151.429-152c3.429-3.429 8.571-5.143 13.143-5.143 2.286 0 4.571 0.571 6.857 1.143z"
        ],
        "width": 877.7142857142857,
        "attrs": [],
        "isMulticolor": false,
        "isMulticolor2": false,
        "tags": [
          "file-movie-o",
          "file-video-o"
        ],
        "defaultCode": 61896,
        "grid": 14
      },
      "attrs": [],
      "properties": {
        "name": "file-movie-o, file-video-o",
        "id": 414,
        "order": 2,
        "prevSize": 28,
        "code": 61896
      },
      "setIdx": 0,
      "setId": 0,
      "iconIdx": 414
    }
  ],
  "height": 1024,
  "metadata": {
    "name": "icomoon"
  },
  "preferences": {
    "showGlyphs": true,
    "showCodes": true,
    "showQuickUse": true,
    "showQuickUse2": true,
    "showSVGs": true,
    "fontPref": {
      "prefix": "icon-",
      "metadata": {
        "fontFamily": "icomoon",
        "majorVersion": 1,
        "minorVersion": 0
      },
      "metrics": {
        "emSize": 1024,
        "baseline": 6.25,
        "whitespace": 50
      },
      "embed": false,
      "showSelector": true,
      "selector": "i",
      "showMetrics": false
    },
    "imagePref": {
      "prefix": "icon-",
      "png": true,
      "useClassSelector": true,
      "color": 0,
      "bgColor": 16777215,
      "classSelector": ".icon",
      "height": 32,
      "columns": 16,
      "margin": 16
    },
    "historySize": 50
  }
}